level	page_num	block_num	par_num	line_num	word_num	left	top	width	height	conf	text
1	1	0	0	0	0	0	0	1440	810	-1	
2	1	1	0	0	0	1166	4	4	6	-1	
3	1	1	1	0	0	1166	4	4	6	-1	
4	1	1	1	1	0	1166	4	4	6	-1	
5	1	1	1	1	1	1166	4	4	6	92.740135	<
2	1	2	0	0	0	1181	4	66	6	-1	
3	1	2	1	0	0	1181	4	66	6	-1	
4	1	2	1	1	0	1181	4	66	6	-1	
5	1	2	1	1	1	1181	4	66	6	53.589993	™A
5	1	2	1	1	2	1218	0	15	19	0.000000	e
5	1	2	1	1	3	1240	0	10	19	59.484962	<
2	1	3	0	0	0	1258	6	3	3	-1	
3	1	3	1	0	0	1258	6	3	3	-1	
4	1	3	1	1	0	1258	6	3	3	-1	
5	1	3	1	1	1	1258	6	3	3	79.964905	.
2	1	4	0	0	0	1272	4	21	6	-1	
3	1	4	1	0	0	1272	4	21	6	-1	
4	1	4	1	1	0	1272	4	21	6	-1	
5	1	4	1	1	1	1272	4	21	6	0.000000	Ad
2	1	5	0	0	0	9	4	65	7	-1	
3	1	5	1	0	0	9	4	65	7	-1	
4	1	5	1	1	0	9	4	65	7	-1	
5	1	5	1	1	1	9	4	65	7	0.000000	o123
2	1	6	0	0	0	647	4	105	7	-1	
3	1	6	1	0	0	647	4	105	7	-1	
4	1	6	1	1	0	647	4	105	7	-1	
5	1	6	1	1	1	647	5	18	5	29.261475	O
5	1	6	1	1	2	672	4	7	6	29.261475	@
5	1	6	1	1	3	688	4	7	6	2.706390	s
5	1	6	1	1	4	703	4	7	6	27.090904	2
5	1	6	1	1	5	716	4	36	7	0.000000	seponie
2	1	7	0	0	0	1319	3	82	8	-1	
3	1	7	1	0	0	1319	3	82	8	-1	
4	1	7	1	1	0	1319	3	82	8	-1	
5	1	7	1	1	1	1319	3	82	8	13.422913	ofseso
2	1	8	0	0	0	23	37	100	9	-1	
3	1	8	1	0	0	23	37	100	9	-1	
4	1	8	1	1	0	23	37	100	9	-1	
5	1	8	1	1	1	23	37	26	8	29.068245	Draft
5	1	8	1	1	2	55	37	16	8	40.792854	fon
5	1	8	1	1	3	77	37	46	9	80.570625	practice.
2	1	9	0	0	0	599	384	69	9	-1	
3	1	9	1	0	0	599	384	69	9	-1	
4	1	9	1	1	0	599	384	69	9	-1	
5	1	9	1	1	1	599	384	21	8	61.271202	Sove
5	1	9	1	1	2	626	384	42	9	67.847183	changes?
2	1	10	0	0	0	599	407	100	6	-1	
3	1	10	1	0	0	599	407	100	6	-1	
4	1	10	1	1	0	599	407	100	6	-1	
5	1	10	1	1	1	599	407	32	6	0.000000	[T
5	1	10	1	1	2	651	407	48	6	0.000000	——
2	1	11	0	0	0	605	431	82	6	-1	
3	1	11	1	0	0	605	431	82	6	-1	
4	1	11	1	1	0	605	431	82	6	-1	
5	1	11	1	1	1	605	431	82	6	16.748520	R
2	1	12	0	0	0	704	431	16	6	-1	
3	1	12	1	0	0	704	431	16	6	-1	
4	1	12	1	1	0	704	431	16	6	-1	
5	1	12	1	1	1	704	431	16	6	54.401245	-
